round,mode,groups,physical_slots,occupancy,build_ns_per_group,hit_ns,miss_ns,accounted_bytes,estimated_physical_bytes
1,default,768,1024,0.750,42.26,2.45,1.97,14144,17424
1,hashbrown-half,768,2048,0.375,18.39,0.82,1.14,34832,34832
1,linear,768,2048,0.375,17.63,2.55,1.92,32768,32768
1,default,6144,8192,0.750,10.43,1.11,2.37,114496,139280
1,hashbrown-half,6144,16384,0.375,10.10,0.98,1.21,278544,278544
1,linear,6144,16384,0.375,15.33,2.66,2.51,262144,262144
1,default,24576,32768,0.750,10.75,1.38,3.21,458560,557072
1,hashbrown-half,24576,65536,0.375,10.35,1.23,1.25,1114128,1114128
1,linear,24576,65536,0.375,18.68,2.91,3.74,1048576,1048576
1,default,98304,131072,0.750,11.50,1.80,4.94,1834816,2228240
1,hashbrown-half,98304,262144,0.375,13.72,1.48,1.37,4456464,4456464
1,linear,98304,262144,0.375,21.13,3.07,5.87,4194304,4194304
1,default,393216,524288,0.750,12.92,2.32,6.18,7339840,8912912
1,hashbrown-half,393216,1048576,0.375,12.96,3.22,1.42,17825808,17825808
1,linear,393216,1048576,0.375,20.61,3.61,6.82,16777216,16777216
2,default,768,1024,0.750,21.70,1.89,2.42,14144,17424
2,hashbrown-half,768,2048,0.375,20.24,1.08,1.40,34832,34832
2,linear,768,2048,0.375,21.16,3.19,2.22,32768,32768
2,default,6144,8192,0.750,12.82,1.32,3.01,114496,139280
2,hashbrown-half,6144,16384,0.375,11.71,1.07,1.32,278544,278544
2,linear,6144,16384,0.375,16.78,2.89,2.38,262144,262144
2,default,24576,32768,0.750,12.31,1.46,3.50,458560,557072
2,hashbrown-half,24576,65536,0.375,11.13,1.31,1.38,1114128,1114128
2,linear,24576,65536,0.375,22.07,3.16,3.79,1048576,1048576
2,default,98304,131072,0.750,13.41,1.85,5.14,1834816,2228240
2,hashbrown-half,98304,262144,0.375,13.97,1.63,1.41,4456464,4456464
2,linear,98304,262144,0.375,22.07,3.17,5.67,4194304,4194304
2,default,393216,524288,0.750,13.35,2.29,5.95,7339840,8912912
2,hashbrown-half,393216,1048576,0.375,12.88,3.89,1.43,17825808,17825808
2,linear,393216,1048576,0.375,23.43,4.19,8.31,16777216,16777216
3,default,768,1024,0.750,20.51,1.80,2.24,14144,17424
3,hashbrown-half,768,2048,0.375,21.70,1.14,1.27,34832,34832
3,linear,768,2048,0.375,20.24,2.92,2.18,32768,32768
3,default,6144,8192,0.750,12.34,1.26,2.42,114496,139280
3,hashbrown-half,6144,16384,0.375,11.15,0.91,1.09,278544,278544
3,linear,6144,16384,0.375,15.11,2.37,1.94,262144,262144
3,default,24576,32768,0.750,10.38,1.23,2.90,458560,557072
3,hashbrown-half,24576,65536,0.375,9.56,1.17,1.38,1114128,1114128
3,linear,24576,65536,0.375,23.42,2.80,3.28,1048576,1048576
3,default,98304,131072,0.750,11.05,1.76,4.78,1834816,2228240
3,hashbrown-half,98304,262144,0.375,12.33,1.56,1.42,4456464,4456464
3,linear,98304,262144,0.375,24.48,2.90,6.03,4194304,4194304
3,default,393216,524288,0.750,12.28,2.23,5.94,7339840,8912912
3,hashbrown-half,393216,1048576,0.375,12.47,3.08,1.45,17825808,17825808
3,linear,393216,1048576,0.375,20.09,3.76,7.51,16777216,16777216
4,default,768,1024,0.750,24.52,2.22,1.97,14144,17424
4,hashbrown-half,768,2048,0.375,17.96,0.84,1.14,34832,34832
4,linear,768,2048,0.375,17.42,2.54,1.81,32768,32768
4,default,6144,8192,0.750,11.91,1.11,2.24,114496,139280
4,hashbrown-half,6144,16384,0.375,9.73,0.86,1.10,278544,278544
4,linear,6144,16384,0.375,13.52,2.46,1.99,262144,262144
4,default,24576,32768,0.750,10.27,1.25,3.41,458560,557072
4,hashbrown-half,24576,65536,0.375,9.61,1.09,1.33,1114128,1114128
4,linear,24576,65536,0.375,16.29,2.67,3.55,1048576,1048576
4,default,98304,131072,0.750,10.84,1.69,4.67,1834816,2228240
4,hashbrown-half,98304,262144,0.375,11.73,1.58,1.38,4456464,4456464
4,linear,98304,262144,0.375,18.26,2.94,5.80,4194304,4194304
4,default,393216,524288,0.750,12.24,2.15,5.99,7339840,8912912
4,hashbrown-half,393216,1048576,0.375,12.18,3.34,1.36,17825808,17825808
4,linear,393216,1048576,0.375,21.09,3.52,7.15,16777216,16777216
5,default,768,1024,0.750,16.71,1.53,1.91,14144,17424
5,hashbrown-half,768,2048,0.375,17.09,0.90,1.15,34832,34832
5,linear,768,2048,0.375,16.98,2.65,1.89,32768,32768
5,default,6144,8192,0.750,10.38,1.10,2.17,114496,139280
5,hashbrown-half,6144,16384,0.375,9.04,0.94,1.09,278544,278544
5,linear,6144,16384,0.375,13.37,2.38,1.96,262144,262144
5,default,24576,32768,0.750,11.06,1.35,3.20,458560,557072
5,hashbrown-half,24576,65536,0.375,9.06,1.10,1.23,1114128,1114128
5,linear,24576,65536,0.375,17.71,2.69,3.62,1048576,1048576
5,default,98304,131072,0.750,10.59,1.70,4.70,1834816,2228240
5,hashbrown-half,98304,262144,0.375,12.38,1.61,1.35,4456464,4456464
5,linear,98304,262144,0.375,18.59,2.95,5.82,4194304,4194304
5,default,393216,524288,0.750,11.99,2.21,5.80,7339840,8912912
5,hashbrown-half,393216,1048576,0.375,11.89,2.94,1.42,17825808,17825808
5,linear,393216,1048576,0.375,20.26,3.42,6.75,16777216,16777216
