phase,case,mode,round,low_us,estimate_us,high_us
build,integers_groups_768_repeats_1_uniform,default,1,9.807,9.828,9.8735
reuse,integers_groups_768_repeats_1_uniform,default,1,5.1227,5.1503,5.1845
build,integers_groups_8192_repeats_8_uniform,default,1,574.11,575.59,578.07
reuse,integers_groups_8192_repeats_8_uniform,default,1,489.95,491.32,492.33
build,integers_groups_24576_repeats_1_uniform,default,1,328.36,330.79,336.76
reuse,integers_groups_24576_repeats_1_uniform,default,1,170.61,177.28,186.55
build,integers_groups_98304_repeats_1_uniform,default,1,1633.6,1663.1,1694.7
reuse,integers_groups_98304_repeats_1_uniform,default,1,735.75,774.59,818.42
build,integers_groups_393216_repeats_1_uniform,default,1,7854.9,7905.599999999999,7935.0
reuse,integers_groups_393216_repeats_1_uniform,default,1,4876.400000000001,5007.5,5143.900000000001
build,short_text_groups_6144_repeats_8_uniform,default,1,404.47,408.19,410.95
reuse,short_text_groups_6144_repeats_8_uniform,default,1,337.81,349.12,360.55
build,long_text_groups_6144_repeats_8_uniform,default,1,565.54,568.81,573.37
reuse,long_text_groups_6144_repeats_8_uniform,default,1,498.95,508.99,524.45
build,integers_groups_6144_repeats_10_hot,default,1,504.49,506.05,507.17
reuse,integers_groups_6144_repeats_10_hot,default,1,491.75,498.52,505.35
build,integers_groups_768_repeats_1_uniform,default,2,9.8328,9.8471,9.8631
reuse,integers_groups_768_repeats_1_uniform,default,2,5.1444,5.1757,5.2113
build,integers_groups_8192_repeats_8_uniform,default,2,575.32,582.83,588.08
reuse,integers_groups_8192_repeats_8_uniform,default,2,498.26,502.78,505.52
build,integers_groups_24576_repeats_1_uniform,default,2,341.58,343.72,345.54
reuse,integers_groups_24576_repeats_1_uniform,default,2,167.51,169.73,172.11
build,integers_groups_98304_repeats_1_uniform,default,2,1690.7,1724.2,1767.0
reuse,integers_groups_98304_repeats_1_uniform,default,2,733.98,772.46,790.43
build,integers_groups_393216_repeats_1_uniform,default,2,7905.400000000001,7949.6,7998.599999999999
reuse,integers_groups_393216_repeats_1_uniform,default,2,5178.6,5224.9,5267.7
build,short_text_groups_6144_repeats_8_uniform,default,2,389.98,394.75,400.34
reuse,short_text_groups_6144_repeats_8_uniform,default,2,335.57,344.21,353.52
build,long_text_groups_6144_repeats_8_uniform,default,2,540.4,554.64,577.17
reuse,long_text_groups_6144_repeats_8_uniform,default,2,498.72,505.86,513.94
build,integers_groups_6144_repeats_10_hot,default,2,492.11,502.26,511.29
reuse,integers_groups_6144_repeats_10_hot,default,2,457.36,471.17,482.88
build,integers_groups_768_repeats_1_uniform,default,3,9.8486,9.8731,9.908
reuse,integers_groups_768_repeats_1_uniform,default,3,5.1892,5.2065,5.2193
build,integers_groups_8192_repeats_8_uniform,default,3,576.82,579.62,582.45
reuse,integers_groups_8192_repeats_8_uniform,default,3,489.93,491.51,493.52
build,integers_groups_24576_repeats_1_uniform,default,3,327.64,332.01,334.67
reuse,integers_groups_24576_repeats_1_uniform,default,3,168.67,171.03,172.89
build,integers_groups_98304_repeats_1_uniform,default,3,1617.1,1640.3000000000002,1675.3
reuse,integers_groups_98304_repeats_1_uniform,default,3,747.29,777.19,806.37
build,integers_groups_393216_repeats_1_uniform,default,3,7915.9,7956.0,7995.5
reuse,integers_groups_393216_repeats_1_uniform,default,3,4884.0,4985.0,5080.7
build,short_text_groups_6144_repeats_8_uniform,default,3,407.21,411.14,414.93
reuse,short_text_groups_6144_repeats_8_uniform,default,3,332.13,338.4,347.61
build,long_text_groups_6144_repeats_8_uniform,default,3,567.62,572.18,575.07
reuse,long_text_groups_6144_repeats_8_uniform,default,3,501.58,511.81,520.18
build,integers_groups_6144_repeats_10_hot,default,3,504.18,508.35,512.33
reuse,integers_groups_6144_repeats_10_hot,default,3,477.06,482.45,487.41
build,integers_groups_768_repeats_1_uniform,hashbrown-half,1,9.4782,9.4926,9.506
reuse,integers_groups_768_repeats_1_uniform,hashbrown-half,1,5.1729,5.233,5.3034
build,integers_groups_8192_repeats_8_uniform,hashbrown-half,1,514.39,516.25,517.67
reuse,integers_groups_8192_repeats_8_uniform,hashbrown-half,1,488.4,491.05,493.62
build,integers_groups_24576_repeats_1_uniform,hashbrown-half,1,335.37,336.83,338.32
reuse,integers_groups_24576_repeats_1_uniform,hashbrown-half,1,156.11,156.71,157.28
build,integers_groups_98304_repeats_1_uniform,hashbrown-half,1,1658.1,1692.1,1717.3
reuse,integers_groups_98304_repeats_1_uniform,hashbrown-half,1,932.21,948.8,967.06
build,integers_groups_393216_repeats_1_uniform,hashbrown-half,1,7112.599999999999,7156.3,7191.099999999999
reuse,integers_groups_393216_repeats_1_uniform,hashbrown-half,1,5150.9,5269.0,5379.1
build,short_text_groups_6144_repeats_8_uniform,hashbrown-half,1,410.44,416.05,419.94
reuse,short_text_groups_6144_repeats_8_uniform,hashbrown-half,1,338.91,344.26,354.0
build,long_text_groups_6144_repeats_8_uniform,hashbrown-half,1,570.97,578.36,583.15
reuse,long_text_groups_6144_repeats_8_uniform,hashbrown-half,1,516.81,524.09,532.79
build,integers_groups_6144_repeats_10_hot,hashbrown-half,1,522.98,528.07,538.02
reuse,integers_groups_6144_repeats_10_hot,hashbrown-half,1,452.02,453.85,455.79
build,integers_groups_768_repeats_1_uniform,hashbrown-half,2,9.7051,9.8367,9.9858
reuse,integers_groups_768_repeats_1_uniform,hashbrown-half,2,5.0727,5.1155,5.1584
build,integers_groups_8192_repeats_8_uniform,hashbrown-half,2,523.05,525.16,528.58
reuse,integers_groups_8192_repeats_8_uniform,hashbrown-half,2,487.55,489.31,490.75
build,integers_groups_24576_repeats_1_uniform,hashbrown-half,2,338.15,341.76,346.92
reuse,integers_groups_24576_repeats_1_uniform,hashbrown-half,2,156.65,157.06,157.96
build,integers_groups_98304_repeats_1_uniform,hashbrown-half,2,1637.8999999999999,1702.3999999999999,1755.2
reuse,integers_groups_98304_repeats_1_uniform,hashbrown-half,2,916.47,942.05,965.9
build,integers_groups_393216_repeats_1_uniform,hashbrown-half,2,7127.2,7216.3,7306.4
reuse,integers_groups_393216_repeats_1_uniform,hashbrown-half,2,5005.6,5148.799999999999,5316.900000000001
build,short_text_groups_6144_repeats_8_uniform,hashbrown-half,2,436.59,438.89,441.57
reuse,short_text_groups_6144_repeats_8_uniform,hashbrown-half,2,353.09,356.85,359.6
build,long_text_groups_6144_repeats_8_uniform,hashbrown-half,2,599.8,605.46,610.93
reuse,long_text_groups_6144_repeats_8_uniform,hashbrown-half,2,514.61,518.48,521.15
build,integers_groups_6144_repeats_10_hot,hashbrown-half,2,531.86,535.54,538.29
reuse,integers_groups_6144_repeats_10_hot,hashbrown-half,2,456.1,460.36,466.27
build,integers_groups_768_repeats_1_uniform,hashbrown-half,3,9.4998,9.5229,9.5624
reuse,integers_groups_768_repeats_1_uniform,hashbrown-half,3,5.1673,5.2044,5.2411
build,integers_groups_8192_repeats_8_uniform,hashbrown-half,3,516.33,517.52,518.19
reuse,integers_groups_8192_repeats_8_uniform,hashbrown-half,3,489.98,490.85,491.93
build,integers_groups_24576_repeats_1_uniform,hashbrown-half,3,328.82,333.62,340.43
reuse,integers_groups_24576_repeats_1_uniform,hashbrown-half,3,158.82,160.49,162.14
build,integers_groups_98304_repeats_1_uniform,hashbrown-half,3,1735.2,1751.9,1767.8
reuse,integers_groups_98304_repeats_1_uniform,hashbrown-half,3,896.24,916.2,931.32
build,integers_groups_393216_repeats_1_uniform,hashbrown-half,3,7185.4,7251.0,7330.0
reuse,integers_groups_393216_repeats_1_uniform,hashbrown-half,3,5213.9,5308.6,5416.599999999999
build,short_text_groups_6144_repeats_8_uniform,hashbrown-half,3,408.19,426.35,435.23
reuse,short_text_groups_6144_repeats_8_uniform,hashbrown-half,3,345.93,349.0,353.33
build,long_text_groups_6144_repeats_8_uniform,hashbrown-half,3,561.58,575.01,583.19
reuse,long_text_groups_6144_repeats_8_uniform,hashbrown-half,3,505.56,508.01,511.49
build,integers_groups_6144_repeats_10_hot,hashbrown-half,3,518.87,525.56,531.69
reuse,integers_groups_6144_repeats_10_hot,hashbrown-half,3,454.44,459.68,465.88
build,integers_groups_768_repeats_1_uniform,linear,1,7.3553,7.3681,7.3883
reuse,integers_groups_768_repeats_1_uniform,linear,1,4.9986,5.03,5.0551
build,integers_groups_8192_repeats_8_uniform,linear,1,521.09,522.5,524.22
reuse,integers_groups_8192_repeats_8_uniform,linear,1,469.18,472.07,473.97
build,integers_groups_24576_repeats_1_uniform,linear,1,410.45,426.22,442.28
reuse,integers_groups_24576_repeats_1_uniform,linear,1,173.96,174.86,176.05
build,integers_groups_98304_repeats_1_uniform,linear,1,2343.6,2354.2000000000003,2368.5
reuse,integers_groups_98304_repeats_1_uniform,linear,1,942.3,967.27,992.0
build,integers_groups_393216_repeats_1_uniform,linear,1,11573.0,11671.0,11769.0
reuse,integers_groups_393216_repeats_1_uniform,linear,1,6287.3,6430.4,6581.599999999999
build,short_text_groups_6144_repeats_8_uniform,linear,1,417.38,422.67,428.14
reuse,short_text_groups_6144_repeats_8_uniform,linear,1,363.06,368.29,373.97
build,long_text_groups_6144_repeats_8_uniform,linear,1,577.07,580.55,584.99
reuse,long_text_groups_6144_repeats_8_uniform,linear,1,532.38,535.76,541.26
build,integers_groups_6144_repeats_10_hot,linear,1,506.17,510.11,515.01
reuse,integers_groups_6144_repeats_10_hot,linear,1,463.44,470.41,479.01
build,integers_groups_768_repeats_1_uniform,linear,2,7.3473,7.3852,7.4227
reuse,integers_groups_768_repeats_1_uniform,linear,2,4.9726,4.9957,5.0148
build,integers_groups_8192_repeats_8_uniform,linear,2,516.9,518.73,520.33
reuse,integers_groups_8192_repeats_8_uniform,linear,2,474.62,476.77,479.76
build,integers_groups_24576_repeats_1_uniform,linear,2,412.57,417.21,424.95
reuse,integers_groups_24576_repeats_1_uniform,linear,2,171.18,173.9,177.54
build,integers_groups_98304_repeats_1_uniform,linear,2,2336.3,2350.4,2378.1
reuse,integers_groups_98304_repeats_1_uniform,linear,2,997.2,1035.3000000000002,1102.1000000000001
build,integers_groups_393216_repeats_1_uniform,linear,2,11598.0,11732.0,11865.0
reuse,integers_groups_393216_repeats_1_uniform,linear,2,6458.1,6655.9,6839.1
build,short_text_groups_6144_repeats_8_uniform,linear,2,415.15,421.33,428.53
reuse,short_text_groups_6144_repeats_8_uniform,linear,2,375.29,379.53,383.26
build,long_text_groups_6144_repeats_8_uniform,linear,2,581.12,585.12,592.48
reuse,long_text_groups_6144_repeats_8_uniform,linear,2,540.52,543.87,547.64
build,integers_groups_6144_repeats_10_hot,linear,2,511.8,514.48,516.68
reuse,integers_groups_6144_repeats_10_hot,linear,2,460.74,469.35,477.87
build,integers_groups_768_repeats_1_uniform,linear,3,7.3525,7.4139,7.5197
reuse,integers_groups_768_repeats_1_uniform,linear,3,4.9811,4.9948,5.0053
build,integers_groups_8192_repeats_8_uniform,linear,3,516.96,518.62,521.66
reuse,integers_groups_8192_repeats_8_uniform,linear,3,472.91,474.5,476.37
build,integers_groups_24576_repeats_1_uniform,linear,3,422.38,427.24,433.78
reuse,integers_groups_24576_repeats_1_uniform,linear,3,176.25,179.7,182.39
build,integers_groups_98304_repeats_1_uniform,linear,3,2433.3,2462.6,2501.7
reuse,integers_groups_98304_repeats_1_uniform,linear,3,1057.3999999999999,1080.0,1118.5
build,integers_groups_393216_repeats_1_uniform,linear,3,11989.0,12085.0,12183.0
reuse,integers_groups_393216_repeats_1_uniform,linear,3,6647.1,7013.0,7383.3
build,short_text_groups_6144_repeats_8_uniform,linear,3,422.61,431.78,444.98
reuse,short_text_groups_6144_repeats_8_uniform,linear,3,372.53,377.22,382.29
build,long_text_groups_6144_repeats_8_uniform,linear,3,582.92,589.01,594.85
reuse,long_text_groups_6144_repeats_8_uniform,linear,3,533.09,538.44,543.21
build,integers_groups_6144_repeats_10_hot,linear,3,511.45,515.42,518.12
reuse,integers_groups_6144_repeats_10_hot,linear,3,464.61,473.6,480.46
