case,mode,group_values_reported_bytes
integers_groups_768_repeats_1_uniform,default,36672
integers_groups_8192_repeats_8_uniform,default,425792
integers_groups_24576_repeats_1_uniform,default,1048384
integers_groups_98304_repeats_1_uniform,default,3997504
integers_groups_393216_repeats_1_uniform,default,15793984
short_text_groups_6144_repeats_8_uniform,default,376808
long_text_groups_6144_repeats_8_uniform,default,3424232
integers_groups_6144_repeats_10_hot,default,311104
integers_groups_768_repeats_1_uniform,hashbrown-half,57360
integers_groups_8192_repeats_8_uniform,hashbrown-half,475152
integers_groups_24576_repeats_1_uniform,hashbrown-half,1703952
integers_groups_98304_repeats_1_uniform,hashbrown-half,6619152
integers_groups_393216_repeats_1_uniform,hashbrown-half,26279952
short_text_groups_6144_repeats_8_uniform,hashbrown-half,540856
long_text_groups_6144_repeats_8_uniform,hashbrown-half,3588280
integers_groups_6144_repeats_10_hot,hashbrown-half,475152
integers_groups_768_repeats_1_uniform,linear,55296
integers_groups_8192_repeats_8_uniform,linear,458752
integers_groups_24576_repeats_1_uniform,linear,1638400
integers_groups_98304_repeats_1_uniform,linear,6356992
integers_groups_393216_repeats_1_uniform,linear,25231360
short_text_groups_6144_repeats_8_uniform,linear,524456
long_text_groups_6144_repeats_8_uniform,linear,3571880
integers_groups_6144_repeats_10_hot,linear,458752
